DIV;DATE;HOUR;HOME;AWAY;STATUS;REFEREE;ASSISTANT-REFEREE1;ASSISTANT-REFEREE2;4THOFFICIAL;TYPE
G-VOETBAL/G-VOETBAL;21/03/2021;10:00;OG Stasegem GV3;SV Zulte-Waregem GV3;PP;;;;;FRG
G-VOETBAL/G-VOETBAL;28/03/2021;10:00;Ol. Ledegem ;K. RC De Panne ;PP;;;;;FRG
RESERVEN/RESERVEN;26/03/2021;19:30;SC Oostrozebeke ;K. FC Marke ;PP;;;;;FRG
U13/U13;21/03/2021;09:30;K. FC Poperinge PROV U13B;SV Zulte-Waregem U13M;PP;;;;;FRG
U13/U13;27/03/2021;09:30;K. Dosko Sint-Kruis PROV U13B;SV Zulte-Waregem U13M;PP;;;;;FRG
U11/U11;20/03/2021;09:30;K. FC. Meulebeke PROV U11B;SV Zulte-Waregem U11M;PP;;;;;FRG
U8/U8;27/03/2021;10:45;R. Jespo Comines-Warneton ;K. SK Geluwe ;PP;;;;;FRG
PROV.DAMES/PROV.DAMES;28/03/2021;17:00;K. E. De Haan ;R.F.C. Tournai ;PP;;;;;FRG
